{
  "$schema": "https://schemas.wp.org/wp/6.9/theme.json",
  "version": 3,
  "settings": {
    "appearanceTools": true,
    "useRootPaddingAwareAlignments": true,
    "color": {
      "defaultDuotone": false,
      "defaultGradients": false,
      "defaultPalette": false,
      "custom": true,
      "customGradient": true,
      "palette": [
        {
          "slug": "primary",
          "color": "#0c2212",
          "name": "Primary Dark Green"
        },
        {
          "slug": "accent",
          "color": "#5fdf81",
          "name": "Accent Green"
        },
        {
          "slug": "accent-light",
          "color": "#b0eaa9",
          "name": "Light Green"
        },
        {
          "slug": "black",
          "color": "#000000",
          "name": "Black"
        },
        {
          "slug": "white",
          "color": "#ffffff",
          "name": "White"
        },
        {
          "slug": "gray-900",
          "color": "#0a0a0a",
          "name": "Gray 900"
        },
        {
          "slug": "gray-850",
          "color": "#0f0f0f",
          "name": "Gray 850"
        },
        {
          "slug": "gray-800",
          "color": "#171717",
          "name": "Gray 800"
        },
        {
          "slug": "gray-750",
          "color": "#1e1e1e",
          "name": "Gray 750"
        },
        {
          "slug": "gray-700",
          "color": "#1f1f1f",
          "name": "Gray 700"
        },
        {
          "slug": "gray-600",
          "color": "#283832",
          "name": "Gray 600"
        },
        {
          "slug": "gray-500",
          "color": "#444444",
          "name": "Gray 500"
        },
        {
          "slug": "gray-400",
          "color": "#525252",
          "name": "Gray 400"
        },
        {
          "slug": "gray-300",
          "color": "#737373",
          "name": "Gray 300"
        },
        {
          "slug": "gray-200",
          "color": "#d9d9d9",
          "name": "Gray 200"
        },
        {
          "slug": "gray-150",
          "color": "#ebebeb",
          "name": "Gray 150"
        },
        {
          "slug": "gray-100",
          "color": "#f0f0f0",
          "name": "Gray 100"
        },
        {
          "slug": "gray-75",
          "color": "#f1f1f1",
          "name": "Gray 75"
        },
        {
          "slug": "gray-50",
          "color": "#f5f5f5",
          "name": "Gray 50"
        },
        {
          "slug": "gray-25",
          "color": "#fafafa",
          "name": "Gray 25"
        },
        {
          "slug": "cream",
          "color": "#f1e4c4",
          "name": "Cream"
        },
        {
          "slug": "cream-dark",
          "color": "#d4b698",
          "name": "Dark Cream"
        },
        {
          "slug": "success",
          "color": "#1ab682",
          "name": "Success"
        },
        {
          "slug": "success-light",
          "color": "#5ce038",
          "name": "Success Light"
        },
        {
          "slug": "error",
          "color": "#ef3c33",
          "name": "Error"
        },
        {
          "slug": "error-dark",
          "color": "#b63d36",
          "name": "Error Dark"
        },
        {
          "slug": "warning",
          "color": "#f1ad2b",
          "name": "Warning"
        },
        {
          "slug": "info",
          "color": "#007aeb",
          "name": "Info"
        },
        {
          "slug": "info-dark",
          "color": "#193ec6",
          "name": "Info Dark"
        },
        {
          "slug": "mint",
          "color": "#f0fff4",
          "name": "Mint"
        },
        {
          "slug": "pink",
          "color": "#efb3d9",
          "name": "Pink"
        },
        {
          "slug": "navy",
          "color": "#001e4d",
          "name": "Navy"
        },
        {
          "slug": "brown",
          "color": "#381d11",
          "name": "Brown"
        }
      ]
    },
    "typography": {
      "defaultFontSizes": false,
      "fluid": true,
      "fontFamilies": [
        {
          "fontFamily": "'Satoshi', -apple-system, BlinkMacSystemFont, 'Segoe UI', sans-serif",
          "name": "Satoshi",
          "slug": "satoshi",
          "fontFace": [
            {
              "fontFamily": "Satoshi",
              "fontWeight": "400",
              "fontStyle": "normal",
              "fontDisplay": "swap",
              "src": ["file:./assets/fonts/Satoshi-Regular.woff2"]
            },
            {
              "fontFamily": "Satoshi",
              "fontWeight": "500",
              "fontStyle": "normal",
              "fontDisplay": "swap",
              "src": ["file:./assets/fonts/Satoshi-Medium.woff2"]
            },
            {
              "fontFamily": "Satoshi",
              "fontWeight": "700",
              "fontStyle": "normal",
              "fontDisplay": "swap",
              "src": ["file:./assets/fonts/Satoshi-Bold.woff2"]
            },
            {
              "fontFamily": "Satoshi",
              "fontWeight": "900",
              "fontStyle": "normal",
              "fontDisplay": "swap",
              "src": ["file:./assets/fonts/Satoshi-Black.woff2"]
            }
          ]
        }
      ],
      "fontSizes": [
        {
          "slug": "xs",
          "size": "0.75rem",
          "name": "Extra Small",
          "fluid": false
        },
        {
          "slug": "sm",
          "size": "0.875rem",
          "name": "Small",
          "fluid": false
        },
        {
          "slug": "base",
          "size": "1rem",
          "name": "Base",
          "fluid": false
        },
        {
          "slug": "lg",
          "size": "1.125rem",
          "name": "Large",
          "fluid": false
        },
        {
          "slug": "xl",
          "size": "1.25rem",
          "name": "Extra Large",
          "fluid": false
        },
        {
          "slug": "2xl",
          "size": "1.5rem",
          "name": "2X Large",
          "fluid": false
        },
        {
          "slug": "3xl",
          "size": "1.875rem",
          "name": "3X Large",
          "fluid": false
        },
        {
          "slug": "4xl",
          "size": "2.25rem",
          "name": "4X Large",
          "fluid": false
        },
        {
          "slug": "5xl",
          "size": "3rem",
          "name": "5X Large",
          "fluid": false
        },
        {
          "slug": "6xl",
          "size": "3.75rem",
          "name": "6X Large",
          "fluid": false
        },
        {
          "slug": "7xl",
          "size": "4.5rem",
          "name": "7X Large",
          "fluid": false
        },
        {
          "slug": "8xl",
          "size": "6rem",
          "name": "8X Large",
          "fluid": false
        },
        {
          "slug": "9xl",
          "size": "8rem",
          "name": "9X Large",
          "fluid": false
        },
        {
          "slug": "hero",
          "size": "clamp(2.5rem, 5vw + 1rem, 8rem)",
          "name": "Hero",
          "fluid": {
            "min": "2.5rem",
            "max": "8rem"
          }
        },
        {
          "slug": "display",
          "size": "clamp(2rem, 4vw + 1rem, 6rem)",
          "name": "Display",
          "fluid": {
            "min": "2rem",
            "max": "6rem"
          }
        }
      ],
      "fontWeight": true,
      "lineHeight": true,
      "customFontSize": true
    },
    "spacing": {
      "defaultSpacingSizes": false,
      "spacingScale": {
        "steps": 0
      },
      "spacingSizes": [
        {
          "slug": "1",
          "size": "0.5rem",
          "name": "1"
        },
        {
          "slug": "2",
          "size": "1rem",
          "name": "2"
        },
        {
          "slug": "3",
          "size": "1.5rem",
          "name": "3"
        },
        {
          "slug": "4",
          "size": "2rem",
          "name": "4"
        },
        {
          "slug": "5",
          "size": "2.5rem",
          "name": "5"
        },
        {
          "slug": "6",
          "size": "3rem",
          "name": "6"
        },
        {
          "slug": "8",
          "size": "4rem",
          "name": "8"
        },
        {
          "slug": "10",
          "size": "5rem",
          "name": "10"
        },
        {
          "slug": "12",
          "size": "6rem",
          "name": "12"
        },
        {
          "slug": "16",
          "size": "8rem",
          "name": "16"
        },
        {
          "slug": "20",
          "size": "10rem",
          "name": "20"
        },
        {
          "slug": "24",
          "size": "12rem",
          "name": "24"
        },
        {
          "slug": "32",
          "size": "16rem",
          "name": "32"
        }
      ],
      "units": ["%", "px", "em", "rem", "vh", "vw"],
      "padding": true,
      "margin": true,
      "blockGap": true,
      "customSpacingSize": true
    },
    "layout": {
      "contentSize": "1280px",
      "wideSize": "1536px"
    },
    "border": {
      "color": true,
      "radius": true,
      "style": true,
      "width": true
    },
    "shadow": {
      "defaultPresets": false,
      "presets": [
        {
          "slug": "sm",
          "name": "Small",
          "shadow": "0 1px 2px rgba(0, 0, 0, 0.04)"
        },
        {
          "slug": "md",
          "name": "Medium",
          "shadow": "0 4px 8px rgba(0, 0, 0, 0.06)"
        },
        {
          "slug": "lg",
          "name": "Large",
          "shadow": "0 8px 16px rgba(0, 0, 0, 0.08)"
        },
        {
          "slug": "xl",
          "name": "Extra Large",
          "shadow": "0 12px 24px rgba(0, 0, 0, 0.1)"
        },
        {
          "slug": "2xl",
          "name": "2X Large",
          "shadow": "0 24px 48px rgba(0, 0, 0, 0.12)"
        },
        {
          "slug": "card",
          "name": "Card",
          "shadow": "0 4px 16px rgba(0, 0, 0, 0.08)"
        },
        {
          "slug": "card-hover",
          "name": "Card Hover",
          "shadow": "0 8px 24px rgba(0, 0, 0, 0.12)"
        }
      ]
    },
    "custom": {
      "spacing": {
        "section-padding-y": "6rem",
        "section-padding-x": "3rem",
        "section-gap": "8rem",
        "component-gap": "3rem",
        "card-padding": "2rem",
        "card-gap": "1.5rem"
      },
      "borderRadius": {
        "sm": "4px",
        "md": "8px",
        "lg": "20px",
        "xl": "48px",
        "2xl": "80px",
        "full": "9999px"
      },
      "transitions": {
        "fast": "150ms ease",
        "base": "300ms ease",
        "slow": "500ms ease"
      },
      "typography": {
        "lineHeight": {
          "none": "1",
          "tight": "1.15",
          "snug": "1.2",
          "normal": "1.5",
          "relaxed": "1.6",
          "loose": "1.8"
        },
        "letterSpacing": {
          "tighter": "-0.03em",
          "tight": "-0.02em",
          "normal": "0",
          "wide": "0.025em"
        },
        "fontWeight": {
          "regular": "400",
          "medium": "500",
          "semibold": "600",
          "bold": "700",
          "black": "900"
        }
      },
      "zIndex": {
        "base": "0",
        "dropdown": "100",
        "sticky": "200",
        "fixed": "300",
        "modal-backdrop": "400",
        "modal": "500",
        "popover": "600",
        "tooltip": "700"
      }
    }
  },
  "styles": {
    "color": {
      "background": "var(--wp--preset--color--white)",
      "text": "var(--wp--preset--color--black)"
    },
    "typography": {
      "fontFamily": "var(--wp--preset--font-family--satoshi)",
      "fontSize": "var(--wp--preset--font-size--base)",
      "fontWeight": "500",
      "lineHeight": "1.6"
    },
    "spacing": {
      "padding": {
        "top": "0",
        "right": "var(--wp--preset--spacing--4)",
        "bottom": "0",
        "left": "var(--wp--preset--spacing--4)"
      },
      "blockGap": "var(--wp--preset--spacing--4)"
    },
    "elements": {
      "link": {
        "color": {
          "text": "var(--wp--preset--color--accent)"
        },
        ":hover": {
          "color": {
            "text": "var(--wp--preset--color--primary)"
          }
        },
        ":focus": {
          "color": {
            "text": "var(--wp--preset--color--primary)"
          },
          "outline": {
            "color": "var(--wp--preset--color--accent)",
            "width": "2px",
            "style": "solid",
            "offset": "2px"
          }
        }
      },
      "heading": {
        "typography": {
          "fontFamily": "var(--wp--preset--font-family--satoshi)",
          "fontWeight": "700"
        },
        "color": {
          "text": "var(--wp--preset--color--black)"
        }
      },
      "h1": {
        "typography": {
          "fontSize": "clamp(2.5rem, 5vw + 1rem, 8rem)",
          "fontWeight": "900",
          "lineHeight": "1.15",
          "letterSpacing": "-0.03em"
        }
      },
      "h2": {
        "typography": {
          "fontSize": "clamp(2rem, 4vw + 1rem, 6rem)",
          "fontWeight": "900",
          "lineHeight": "1.2",
          "letterSpacing": "-0.02em"
        }
      },
      "h3": {
        "typography": {
          "fontSize": "clamp(1.875rem, 3vw + 1rem, 4.5rem)",
          "fontWeight": "700",
          "lineHeight": "1.8",
          "letterSpacing": "-0.03em"
        }
      },
      "h4": {
        "typography": {
          "fontSize": "clamp(1.5rem, 2.5vw + 0.5rem, 3rem)",
          "fontWeight": "900",
          "lineHeight": "1",
          "letterSpacing": "-0.02em"
        }
      },
      "h5": {
        "typography": {
          "fontSize": "clamp(1.25rem, 2vw + 0.5rem, 2.25rem)",
          "fontWeight": "700",
          "lineHeight": "1.8",
          "letterSpacing": "-0.03em"
        }
      },
      "h6": {
        "typography": {
          "fontSize": "clamp(1.125rem, 1.5vw + 0.5rem, 1.875rem)",
          "fontWeight": "700",
          "lineHeight": "1.2",
          "letterSpacing": "-0.02em"
        }
      },
      "button": {
        "color": {
          "background": "var(--wp--preset--color--gray-800)",
          "text": "var(--wp--preset--color--white)"
        },
        "typography": {
          "fontFamily": "var(--wp--preset--font-family--satoshi)",
          "fontSize": "clamp(1rem, 1vw + 0.5rem, 1.25rem)",
          "fontWeight": "700",
          "letterSpacing": "-0.03em"
        },
        "border": {
          "radius": "9999px"
        },
        "spacing": {
          "padding": {
            "top": "1rem",
            "right": "2rem",
            "bottom": "1rem",
            "left": "2rem"
          }
        },
        ":hover": {
          "color": {
            "background": "var(--wp--preset--color--black)"
          }
        },
        ":focus": {
          "color": {
            "background": "var(--wp--preset--color--black)"
          },
          "outline": {
            "color": "var(--wp--preset--color--accent)",
            "width": "2px",
            "style": "solid",
            "offset": "2px"
          }
        }
      }
    },
    "blocks": {
      "core/button": {
        "variations": {
          "outline": {
            "color": {
              "background": "transparent",
              "text": "var(--wp--preset--color--white)"
            },
            "border": {
              "color": "var(--wp--preset--color--gray-200)",
              "width": "2px"
            },
            ":hover": {
              "color": {
                "background": "rgba(255, 255, 255, 0.1)",
                "text": "var(--wp--preset--color--white)"
              },
              "border": {
                "color": "var(--wp--preset--color--white)"
              }
            }
          }
        }
      },
      "core/navigation": {
        "typography": {
          "fontFamily": "var(--wp--preset--font-family--satoshi)",
          "fontSize": "clamp(1rem, 1vw + 0.5rem, 1.25rem)",
          "fontWeight": "700",
          "letterSpacing": "-0.02em"
        },
        "elements": {
          "link": {
            "color": {
              "text": "var(--wp--preset--color--black)"
            },
            ":hover": {
              "color": {
                "text": "var(--wp--preset--color--accent)"
              }
            }
          }
        }
      },
      "core/quote": {
        "border": {
          "left": {
            "color": "var(--wp--preset--color--accent)",
            "width": "4px",
            "style": "solid"
          }
        },
        "spacing": {
          "padding": {
            "left": "var(--wp--preset--spacing--4)"
          }
        },
        "typography": {
          "fontSize": "var(--wp--preset--font-size--2xl)",
          "fontStyle": "italic",
          "lineHeight": "1.6"
        },
        "color": {
          "text": "var(--wp--preset--color--gray-600)"
        }
      },
      "core/separator": {
        "color": {
          "background": "var(--wp--preset--color--gray-200)"
        },
        "spacing": {
          "margin": {
            "top": "var(--wp--preset--spacing--6)",
            "bottom": "var(--wp--preset--spacing--6)"
          }
        }
      },
      "core/site-title": {
        "typography": {
          "fontFamily": "var(--wp--preset--font-family--satoshi)",
          "fontSize": "var(--wp--preset--font-size--2xl)",
          "fontWeight": "900",
          "letterSpacing": "-0.02em"
        },
        "color": {
          "text": "var(--wp--preset--color--primary)"
        }
      },
      "core/cover": {
        "spacing": {
          "padding": {
            "top": "var(--wp--custom--spacing--section-padding-y)",
            "right": "var(--wp--custom--spacing--section-padding-x)",
            "bottom": "var(--wp--custom--spacing--section-padding-y)",
            "left": "var(--wp--custom--spacing--section-padding-x)"
          }
        }
      },
      "core/group": {
        "spacing": {
          "padding": {
            "top": "var(--wp--preset--spacing--6)",
            "right": "var(--wp--preset--spacing--6)",
            "bottom": "var(--wp--preset--spacing--6)",
            "left": "var(--wp--preset--spacing--6)"
          }
        }
      }
    }
  },
  "templateParts": [
    {
      "area": "header",
      "name": "header",
      "title": "Header"
    },
    {
      "area": "footer",
      "name": "footer",
      "title": "Footer"
    }
  ],
  "customTemplates": [
    {
      "name": "page-full-width",
      "postTypes": ["page"],
      "title": "Full Width"
    },
    {
      "name": "page-no-header-footer",
      "postTypes": ["page"],
      "title": "No Header/Footer"
    }
  ]
}
